[
  {
    "type": "routeType",
    "key": "jr",
    "value": "Jirón"
  },
  {
    "type": "routeType",
    "key": "av",
    "value": "Avenida"
  },
  {
    "type": "routeType",
    "key": "street",
    "value": "Calle"
  },
  {
    "type": "routeType",
    "key": "freeway",
    "value": "Autopista"
  },
  {
    "type": "routeType",
    "key": "alameda",
    "value": "Alameda"
  },
  {
    "type": "documentType",
    "key": "dni",
    "value": "DNI"
  },
  {
    "type": "documentType",
    "key": "ce",
    "value": "Carné de extranjería"
  },
  {
    "type": "documentType",
    "key": "passport",
    "value": "Pasaporte"
  },
  {
    "type": "documentType",
    "key": "ruc",
    "value": "RUC"
  },
  {
    "type": "documentType",
    "key": "ptp",
    "value": "PTP"
  },
  {
    "type": "housingType",
    "key": "house",
    "value": "Casa"
  },
  {
    "type": "housingType",
    "key": "building",
    "value": "Edificio"
  },
  {
    "type": "housingType",
    "key": "department",
    "value": "Departamento"
  },
  {
    "type": "housingType",
    "key": "office",
    "value": "Oficina"
  }
]